text,label,source_url,pre_labeled,notes
"First of all, azir is shit, even in higher elos. Just a bad soloQ champ.",hot_take,,TRUE,
"Top Lane Meta Is Dumb Right Now. Top laners don't want to hear this but the fix is getting rid of the ward light that makes you ungankable with just 1 ward.",hot_take,,TRUE,"Confident opinion + proposed fix, no evidence."
"Ranged DOT mages should stop building Demonic Embrace, literally any other item is more useful.",hot_take,,TRUE,
"Knight's Vow and Frozen Heart are in the top 10 strongest items in game.",hot_take,,TRUE,"Bold ranking claim, no source -> hot_take per decision rule."
"Might be a hot take but... I was wondering, wouldn't it be easier to climb faster in elo if I'd avoid performing my best?",hot_take,,TRUE,
"Wyrmfallen Sacrifice (Ornn Kraken) was the best item in game by far.",hot_take,,TRUE,
"Tanks should be buying support items after their mythic.",hot_take,,TRUE,
"Possibly hotter take: Frozen Heart is strong enough to buy on champs who have absolutely no use for the mana. I flex it on Riven in place of Randuins if I need armor but crit isn't the issue. I think it's wholly better than DD on champs that aren't meant to be draintanks.",hot_take,,TRUE,"BORDERLINE analysis: reasons about item interactions, but framed as personal preference with no verifiable data."
"Stopwatch is the single best purchase in the game. A well timed stopwatch can flip a fight even when behind. It should have either less stasis time than Zhonyas or cost more.",hot_take,,TRUE,
"Vayne is miserable to play in bot lane, she isn't even the hypercarry people think she was anymore. Due to recent crit changes, most ADCs can bully her in lane and out of lane. She loses at every stage against them. A 7 item Caitlyn can literally one-tap her lategame.",hot_take,,TRUE,"BORDERLINE analysis: references crit changes, but hyperbolic and no specific stats -> hot_take."
"Picking Pantheon and not impacting any lanes feels awful. Also AP junglers can farm so much faster, I'm surprised they didn't try any AP junglers despite his fav being Nidalee.",rant,,TRUE,"BORDERLINE: opens with feeling (feels awful) then an observation. Reviewer decide rant vs hot_take."
"My personal take is that arena is at its best when there's no prismatic augment selects, only silvers and golds.",hot_take,,TRUE,
"Riot said that ""these don't degrade skill expression in lane"" which I find funny because the whole laning phase revolves around trading with the enemy laner while trying to CS as well as possible. It's literally a skill in itself to last hit minions in lane while fighting the enemy laner.",hot_take,,TRUE,"BORDERLINE rant: argues a debatable design opinion; mild emotion."
"CSing is one of the fundamental skills in the game. It has been in the game since forever. You are forced to interact with it whether you like it or not (unless you are a jungler). People spent years perfecting it just for Riot to implement some dumbed down indicator.",hot_take,,TRUE,"BORDERLINE rant: critical of Riot, but the core is a debatable claim."
"Honestly I think the right answer is that this is probably a good addition because it makes a part of the game easier that's super micro heavy while being only really punishing. You didn't ""deservedly"" accomplish anything by the enemy Ryze missing a cannon to a failed auto, but in situations where you zoned him off you're still rewarded.",hot_take,,TRUE,"Reasoned opinion defending the change, no data."
"Sure, it welcomes new players, but it ruins high level players as well. Players who have mastered these fundamental skills over the years are now on the same playing field as those who didn't.",hot_take,,TRUE,
"The last hit indicator will have near 0 impact for most people that are gold or above, it'll mainly help those in iron-silver (who can need the help).",hot_take,,TRUE,"BORDERLINE analysis: bracket-based prediction but no data."
"I lost two games and received penalties because my game status stopped being displayed for no apparent reason between matches.",rant,,TRUE,
"So what's the deal with int accounts / accounts being paid to lose or derank, and when is Riot going to actually do something substantial about it?",rant,,TRUE,"Frustrated question aimed at Riot."
"There is not any substantial number of int accounts in low elo. It'd be borderline impossible to even match with specific people in mid-low elo. Wintrading and alt accounts set to lose became a thing in high elo because of how effective they are, and the low pool of players to draw from.",analysis,,TRUE,"HARD EDGE CASE: structured explanatory reasoning but no verifiable stats. Strong hot_take vs analysis candidate for planning.md."
"Melee lane bullies are borderline unfunctional ATM with picks like Renekton and Aatrox getting absolutely shafted by Kayle and Shen. There's also a disgusting amount of range top laners, with Vayne being like a top 5 most played top laner. Voltaic and the Ambessa ult nerf just reduce the checkmate champions melee bruisers have against range top like Ambessa and Aatrox who relied on those items to turbo stomp the matchup. You have to build extremely gimmicky on a handful of melee champs to turbo stomp the lane, but only like Yorick can do that right now. Range top pigeonholes a lot of melee bruisers into being borderline unfightable and everything else scales too fast and lane holds too well like Kayle or tanks.",analysis,,TRUE,"BORDERLINE hot_take: references item nerfs + pick-rate claims (substantive) but uses emotional language and no hard numbers."
"I personally cannot stand the new iteration of arena. To be fair though I never fully liked arena much in the first place. Didn't hate it, just thought it was meh.",rant,,TRUE,
"Now to Rek'Sai: she's really hard to play, she suffers a bit the same problem as Nidalee - either you get the snowball going from the beginning, or you fall off a cliff. Rek'Sai requires really good macro. Once you're in, you don't really have a way out.",analysis,,TRUE,"BORDERLINE hot_take: champion-mechanic reasoning, analytical tone, but no hard stats."
"Just barely glancing at lolalytics, no assassins in midlane have a sub-50% win rate, and only 3 in the jungle have a sub-50% win rate, and they're Zed, Qiyana, and Rengar. So I'd say assassins are doing pretty alright.",analysis,,TRUE,"Cites lolalytics + specific win rates and champs."
"Only in Masters+. You can see the breakdown on lolalytics: In All Ranks the most popular APC is Brand at 2.46% with 5 mages above 1% pick rate. In Emerald+ the highest pick rate is Brand at 2.92% with 7 mages above 1%. In Masters+ the highest pick rate is Seraphine at 2.69% with 12 mages above 1%.",analysis,,TRUE,"Data-heavy pick-rate breakdown with a source."
"Also her passive is insanely strong in higher elos, while players in the lower brackets won't really make use of it.",analysis,,TRUE,"Thin. BORDERLINE hot_take - mechanic claim, no data."
"Rek'Sai requires perfect execution in the early game. One mistake and it's hard to come back.",analysis,,TRUE,"Thin. BORDERLINE hot_take."
"Yuumi is the metric standard of ""off meta clears"" because even she can hit 3:05 with perfect kiting.",analysis,,TRUE,"Specific clear-time figure."
"Honestly, I'm blaming Riot for this; by making toplane so snowbally (2+ levels of difference just through wave management), cheesy stuff that works early now also scales deep into the mid-game, while simultaneously being less zoneable even if you're in a losing matchup.",analysis,,TRUE,"BORDERLINE rant: structured mechanic reasoning wrapped in emotional framing."
"Renekton can absolutely clear before scuttle but you're going to have to practice it very thoroughly and find every little trick to save time.",analysis,,TRUE,
"I quite like this new Sera-Ashe meta going on in competitive.",hot_take,,TRUE,"Mild personal preference about the meta."
"I love seeing Ashe in proplay and I love seeing other supports than melee engage like Alistar, Nautilus etc being played.",hot_take,,TRUE,"Positive opinion/preference about the meta."
"People who don't watch a lot of pro play don't understand that enchanter meta just turns the game into a snoozefest where every botlane is scaling for 20min and jg is forced into Vi Wukong Lee Xin J4. As opposed to jungle being Vi Wukong Lee Xin J4 before this enchanter meta LMFAO.",hot_take,,TRUE,"BORDERLINE rant: dismissive, opinionated."
"Yes but you would be able to see a carry jg in more games. Compare season 15 and s16 LCK and you can see what I mean.",analysis,,TRUE,"Thin comparative claim."
"I looked up LCK match history and unless you have an engage support, you are not going to see any carry jg such as Viego, Naafiri, Zyra, or Zaahen.",analysis,,TRUE,"Observation backed by match history -> analysis (was meta_report; category dropped)."
"That's why so many toplaners are either quitting or swapping to other roles. Even in gold, top has been the 3rd most filled role for me after jungle and support. In the past adc was 3rd and there were a couple mid games here and there; now it's almost exclusively jungle/support with the occasional top and adc game. I haven't seen mid by queuing fill in over 50 games.",analysis,,TRUE,"BORDERLINE rant: anecdotal personal data driving an observation."
"Playing Shaco is morally reprehensible and I genuinely believe you're a bad person if you main him. I look at and think differently about you the more points you have on Shaco.",hot_take,,TRUE,
"Pick/Winrate doesn't say shit about how strong a champ actually is.",hot_take,,TRUE,"BORDERLINE analysis: claim about metrics but asserted, no support."
"To add to your point. Pick/Winrate does not take into account champion difficulty. A 53% winrate Akali is not the same as a 53% Nami.",analysis,,TRUE,"BORDERLINE hot_take: reasoned point about why winrate misleads, with concrete comparison."
"The league community makes the game seem more toxic than it actually is. The game doesn't feel nearly as toxic as it was a few years ago, back when you could type whatever you wanted in chat or run it down without punishment. And the game is actually pretty great right now - go play any other MOBA and you'll realize how good League is. Even Wild Rift is pretty shit compared to PC.",hot_take,,TRUE,
"Junglers deserve an anti-invade advantage, where the opponent gets punished if they try to invade. Taking camps wouldn't be affected, but the invading champion would take increased damage while dealing reduced damage until 2:30 or 3:30. This allows some room for error.",hot_take,,TRUE,"Detailed design proposal; opinion, no evidence."
"Warding has the highest ratio of game impact to investment. Every teammate, in every game mode that allows it, needs to do their part in warding if they want to win.",hot_take,,TRUE,
"We need anti heal boots.",hot_take,,TRUE,
"Flaming because you are slightly behind is a very good way to lose hard.",hot_take,,TRUE,
"I'll start first, I think Viper has been slightly overrated for a while. Obviously an S tier ADC but it feels like the majority of people always put him as the best AD in the world or top 2 always.",hot_take,,TRUE,
"Doublelift being loaned to TL from TSM in 2017 to carry them out of relegations should never have been allowed.",hot_take,,TRUE,
"BDD is the third best mid in the world. Maybe he isn't playing like it right now but in a Worlds bo5 I'd be more afraid of BDD than 2024 Faker, worlds choker Xiaohu, Scout, Showmaker, or Creme. Only Chovy and Knight are ahead of him, but he probably isn't even making Worlds.",hot_take,,TRUE,"Ranking opinion with comparisons but no evidence."
"Current NRG core gets way too much credit, and thank god they're probably blowing this roster up.",hot_take,,TRUE,
"Czech scene - players betting on their own matches because the scene is small and they all know each other. Riot knows this but doesn't do anything. I have proof in DMs if you don't believe me.",hot_take,,TRUE,"BORDERLINE rant: accusatory match-fixing claim aimed at Riot inaction."
"I fucking hate franchising, it killed LCS and LEC.",hot_take,,TRUE,"BORDERLINE rant: emotional wrapper, but underlying claim (franchising killed the leagues) is debatable -> hot_take per decision rule."
"The fans who aren't really into the scene but occasionally watch playoffs and tune into MSI and Worlds every year without much knowledge probably have the best time and most fun watching.",hot_take,,TRUE,
"Doublelift is neither the LCS goat, nor even the runner up. Both Impact and Bjergsen are solidly ahead of him.",hot_take,,TRUE,
"Fearless draft should be standard across all pro and semi pro levels.",hot_take,,TRUE,
"Viper isn't even a top 3 ADC in LCK atm, and there are probably 5 in the world I'd rate above him.",hot_take,,TRUE,
"I think Faker should retire.",hot_take,,TRUE,
"Removing Team Ranked and the challenger series to make LoL a franchise was the downfall of LoL Esports.",hot_take,,TRUE,
"Showmaker is incredibly overrated and the only reason he's still on DK is because he's the face of the org.",hot_take,,TRUE,
"Yorick is a poke mage.",hot_take,,TRUE,
"Gangplank is an AD control mage.",hot_take,,TRUE,
"People overestimate the enemy team's lead and underestimate their ability to come back. The current state of the game, with objective bounties and how shutdowns work, makes it incredibly easy to capitalize on enemy mistakes and quickly swing the game back. Despite this, people mentally boom when the enemy is up 6 cs and a kill at 10 minutes.",analysis,,TRUE,"BORDERLINE hot_take: explains comeback mechanics (objective bounties, shutdowns) but no hard data."
"Yasuo OTPs are really fun to fight, they always try to outplay, lots are salty when they lose, but I respect their misplaced confidence.",hot_take,,TRUE,
"Hard agree. I'd rather play against Yasuo mains every game than Xerath, Azir, or Malzahar players who die once at level 3 and hug their tower for the rest of the game.",hot_take,,TRUE,"BORDERLINE rant: preference with mild frustration at passive players."
"Every single skin should be blind tested with in-game screenshots asking players ""Which champion is this?"" Anything below an 80% pass rate should have its design tweaked. The same should be done for splash art.",hot_take,,TRUE,"Detailed design proposal."
"I think the empyrean skins are ugly.",hot_take,,TRUE,
"Picking marksmen below master tier is suboptimal.",hot_take,,TRUE,"BORDERLINE analysis: optimality claim but no evidence."
"There shouldn't be resourceless champs. Energy, hp, mana, anything, as long as the skills cost something. It's just not fair that some champions get to cast everything for free.",hot_take,,TRUE,
"People overreact any time one of their teammates has a bad game and always insist on calling it ""trolling"" when their teammates make stupid decisions or play badly.",hot_take,,TRUE,"BORDERLINE rant: complaint about the community, but core is a debatable claim."
"Summoner's Rift map geometry is due an overhaul. I think role balance and interaction would be healthier and easier to figure out if there was simply more space to work with.",hot_take,,TRUE,
"Saying that champs from classes other than marksmen and mages should have a few viable options in botlane is a huge hot take for a lot of people on this sub.",hot_take,,TRUE,
"Teleport needs a major rework.",hot_take,,TRUE,
"League needs to stop releasing new champions and rework the out of date champions first.",hot_take,,TRUE,
"Everybody should be forced to play 10 games of adc and jungle.",hot_take,,TRUE,
"League toxicity is overblown by this community, anyone complaining about finding inters every 2 or 3 games is probably instigating half their issues themselves.",hot_take,,TRUE,"BORDERLINE rant: blames complainers, but core is a debatable claim."
"Every dash in the game, EVERY SINGLE ONE, should have its dash speed affected by movement speed slows, similar to how Kalista is.",hot_take,,TRUE,"Design proposal."
"Players are almost always at or near the rank they deserve. Complaining about teammates is ridiculous since you'd have 5 opponents of the same skill level as your team. Players are just coping hard that they're stuck below where they believe they belong.",hot_take,,TRUE,"BORDERLINE analysis: has a logical argument (symmetric teammates) but no data."
"Riot is letting League die so they can push the MMO harder.",hot_take,,TRUE,
"I don't like Yone. I get that every character has ways to counter it, but god that entire character is so obnoxious to deal with. Really powerful kit with several engages, self-heal and shield, and a free out, all baked into his kit, with no resource costs.",hot_take,,TRUE,"BORDERLINE rant/analysis: emotional framing plus a substantive kit breakdown."
"Report me for picking a champion!",rant,,TRUE,
"Diana that types the n-word in champ select and feeds my lane a free kill, then never ganks again.",rant,,TRUE,"Venting about a bad teammate; describes (does not use) a slur."
"Mistaken dodge into banned main into uncarriable loss.",rant,,TRUE,
"Xin that forgets to buy jungle item and doesn't react to pings or chat trying to desperately notify him of his error.",rant,,TRUE,
"Everyone ignores the fed Trundle running our base down because it's obviously my fault for playing out a bad matchup, and Jax also gave him two free kills for no reason.",rant,,TRUE,
"Briar ulting into Narnia, the only reason we win is that the enemy decided to stop playing. First timer Yasuo and Senna duoing bot because Zed wanted mid instead of dodging. Zed communicates and has good mental, gets my hopes up. Yasuo starts unironically feeding because we won't ff. I check their op.gg, almost all losses, running it down every game.",rant,,TRUE,"Appears to be multiple merged venting posts; reviewer may want to split."
"Illaoi is an overpowered champion.",hot_take,,TRUE,
"Why is pinging more than 3 times allowed and still not reportable?",rant,,TRUE,"BORDERLINE hot_take: frustrated question about toxicity."
"My jungle locked in Zoe jungle with no smite and after stealing xp from top she goes at level 2 to our blue buff, dies, then types in team chat that she didn't want to play anyway and that we can't get mad because it's a normal and not ranked (as if trolling in normals is fine).",rant,,TRUE,
"Hullbreaker - to the people abusing this piece of shit item, there's a special place in hell for you faggetass retards. And hopefully you're sent there quickly!!!!!",rant,,TRUE,"Pure emotional venting; raw text kept uncensored at collector's request."
"The client doesn't work properly and never did even though the game is around 13 years old. Match history doesn't update properly, doesn't always show stats after the game, and sometimes the client even crashes after a game.",rant,,TRUE,"BORDERLINE analysis: lists specific client bugs, but grievance-driven."
"Multiple interaction bugs between champions and they're still releasing new ones even with 158 champions in the game, instead of sorting the old ones out. A lot of champions need a rework or a huge graphic update, some champions also have no skins while others have 10+ just because they're more ""meta"".",rant,,TRUE,"BORDERLINE hot_take: grievance plus a debatable claim (rework old champs first)."
"The community is so toxic they had to implement the ability to mute/report players in champion select. People always say it's a ""team-based game"", but everyone recommends you mute everyone on your team to not get tilted, with an option to turn off allied chat entirely and just rely on pings.",rant,,TRUE,
"The game has 158 champions and is still releasing new ones frequently, but every season contains the same champions in the meta, with some exceptions. The same champions are banned and played and people get flamed for not playing what's meta or S-tier or for not countering the enemies.",rant,,TRUE,"BORDERLINE hot_take: grievance plus a debatable claim."
"The whole smurfing thing is just out of hand. People making/buying new accounts ruins the experience for people who actually deserve the rank they're in. Most of them flame you for not keeping up, they get 20 kills and you have no idea how, and you learn nothing. You also get pushed into higher ranks you don't even deserve.",rant,,TRUE,
"Vi is so fucking op that it makes me want to stop playing this game.",hot_take,,TRUE,"HARD EDGE CASE: emotional venting wrapped around a balance claim (Vi is OP). Strong rant vs hot_take candidate for planning.md."
"Flex mmr is dumb.",hot_take,,TRUE,"BORDERLINE rant: short dismissive opinion."
"It's so hilarious whenever I get random 5 man teams in flex where half of them outrank every single person in my team (almost all randoms playing solo) and somehow that's equal matchmaking. MMR in flex is giga fucked and Riot doesn't give a fuck.",rant,,TRUE,"BORDERLINE hot_take: matchmaking complaint, heavy venting tone."
"From my last tests they use her real armor as opposed to base. Buying armor items like Zhonyas or Frozen Heart should now self-invalidate minion disguises. Yeah, buying armor fucks Neeko. Tested it. https://imgur.com/a/spot-neeko-1V77H3P",analysis,,TRUE,"Tested claim with an evidence link; item interaction."
"Unironically I hope the last hit indicator is adjustable or turnable off. One day I queued for a bot game and I was confused seeing those indicators, to the point I was last hitting worse as I couldn't tell what hp bar I was looking at.",hot_take,,TRUE,"BORDERLINE rant: preference plus a personal anecdote."
"They're actually going to let Imperial Mandate be that strong. Losing 5 AP is not enough for the increase of AH on hard cc spells and the increase in the Vulnerability passive.",analysis,,TRUE,"BORDERLINE hot_take: item-change reasoning with specifics, incredulous tone."
"Next patch notes nerf list is going to be full of Mandate users isn't it.",hot_take,,TRUE,"Prediction/opinion."
"The problem lies in ""anyone that wants those passives"". The item is built by maybe a handful of champions, its stats are just not useful for the majority of the lineup.",analysis,,TRUE,"BORDERLINE hot_take: reasoned claim about the item's niche usage."
"When will the Rocketbelt meta in pro play be addressed? This is just as unhealthy and unfun to watch as the galeforce meta was.",hot_take,,TRUE,"BORDERLINE rant: frustrated question, but core is a debatable claim."
"Rocketbelt just needs to be removed IMO. It was only a matter of time before people realized the item is a dash on decent stats for low investment.",hot_take,,TRUE,"Opinion plus light item reasoning."
"I can't believe Sion and K'Sante get nerfed before Jayce. 50% of the reason they're picked so much is because they're the main ""answers"" to Jayce (they still lose lane). And unlike Jayce, they're not usually blind picked first rotation in game 1.",analysis,,TRUE,"BORDERLINE hot_take: structured reasoning about pick logic."
"So they nerf K'Sante because Doran's Helm was too strong on him... but they also nerf Doran's Helm... what a bunch of clowns.",hot_take,,TRUE,"BORDERLINE rant: dismissive insult, but core is a debatable point about redundant nerfs."
"Doran's Helm is correct in general. It was too strong for any scaling ADC. Good.",analysis,,TRUE,"Thin. Justifies the nerf."
"DFT + Cleaver was dumb. Good hit.",hot_take,,TRUE,"Thin opinion on a nerf."
"Shiv refunding Senna's entire Q in a teamfight and being a 1-auto soul was dumb. Good hits.",analysis,,TRUE,"Thin. BORDERLINE hot_take: explains a specific interaction."
"Rek'Sai's combination of dueling power and mobility has made her too successful at high ranks, so we're shaving down her early-to-mid burst windows while preserving her unique map movement and longer fight pattern.",analysis,,TRUE,"Quoted patch-note rationale, not a community take - reviewer may want to drop."
"That Dblade change is crazy for Kai'Sa. That's legit Ravenous Hunter back. You're gonna heal so much more now, not only in lane but also mid game. Just never sell Dblade on Kai'Sa.",analysis,,TRUE,"BORDERLINE hot_take: item-change impact reasoning with a comparison."
"Why'd they stop the little ""W damage up, E cooldown down, R reworked"" bit in each champion's notes? I don't want to have to read that Bard got an extra 1% per 100 AP on his move speed, because that means nothing to me. Same as when a champ I don't play gets a +15 base damage but -5% AD change. The ""E got stronger"" line was helpful for skimming past changes that aren't drastic.",hot_take,,TRUE,"BORDERLINE rant: complaint about patch-note formatting, debatable preference."
"Unless I messed up the math it's not actually a huge buff. If you have 400 AP right now the damage is 180 + (400 x 0.17) = 248 per sphere. After the change it's 170 + (400 x 0.2) = 250. If you ult with 6 spheres the damage now is 1,488 and after the change 1,500. Not really much of a difference.",analysis,,TRUE,"Works the math with numbers."
"Syndra's build will not change until there's any incentive to go for burst. I'm not one-shotting ROA Viktor or Ahri without 2 rounds of spells, so why would I change my build? You don't even give up that much AP going Cosmic second.",analysis,,TRUE,"BORDERLINE hot_take: reasoned build argument with specifics."
"Hilarious how Riot decided nerfing the ROA build on Ahri specifically was the way to go, 80% of midlaners in higher elo are building ROA right now.",analysis,,TRUE,"BORDERLINE hot_take: stat-backed observation with dismissive framing."
"Brand jungle is already a thing in pro play and Riot buffs him further. He's a pro-jail jungler so it makes zero sense to buff him for soloQ without solving the pro-jail problem. It makes more sense to buff Morgana a tiny bit in the jungle.",analysis,,TRUE,"BORDERLINE hot_take: structured reasoning plus an alternative suggestion."
"Gwen still OP. This is not the problem of the E, it is the low CD.",hot_take,,TRUE,"BORDERLINE analysis: bold claim with thin reasoning."
"Apex Duo Restrictions - matchmaking currently is so fucked. You can have a random challenger 3k LP in a lobby with a master 500 LP player. Legit unplayable.",rant,,TRUE,"BORDERLINE hot_take: matchmaking complaint with a specific example, heavy venting."
"Man I just want to play with a buddy of mine. We're both like 200-500lp Master and just want to play some games together. As you already mentioned I had games where the enemy team was 4-5k lp higher than my team.",rant,,TRUE,
"No Naafiri nerf? She has an insane ban rate.",hot_take,,TRUE,"BORDERLINE analysis: references ban rate loosely, no real data."
"On the PBE as of yesterday Poro Stampede legitimately just does not work at all. It does nothing. Spirit Bomb says ""allied healing"" but some forms of self-heal work to charge it while others don't. Stackasaurous says ""increase all permanent stacks"" but it provides extra Tank Engine stacks. And that's just a start.",analysis,,TRUE,"Detailed PBE bug report with specific mechanic observations."
"Maokai twisted advance void dash probably still does like 6 explosion. Rite of ruins still has no internal cooldown leading to inf shield Yasuo/Yone.",analysis,,TRUE,"Specific mechanic/bug interactions."
"High roller doesn't seem to work on some characters, some snowball augments only seem to half work, generic ability augments have no balance (Garen has the W speed while active augment but the speed doesn't scale to duration so you essentially have an augment that gives 30% MS for 0.75 sec).",analysis,,TRUE,"Detailed augment bug/balance breakdown with example."
"They're fine if their aggregate pick rate hovers around 15% max. Traditional top laners shouldn't really be counted at full value like Teemo, Quinn, Jayce or Gnar. Similar goes for Ziggs in the bot lane.",analysis,,TRUE,"BORDERLINE hot_take: reasoning about pick-rate thresholds and champ categories."
"2 years ago marksmen became like 3 of the 5 highest picked midlaners in higher elos, and like 5 of the 10 top picks in midlane pro play, with somehow Nasus being one as a marksman counter and Garen being the Nasus counter, making it so only like 2-3 of the top 10 mids were even actual midlaners.",analysis,,TRUE,"Historical pick-rate observation with specifics."
"Same with mages bot. Except with higher winrate, but they're also like the official second class of botlane, and have lots of factors behind their winrates such as selection biases.",analysis,,TRUE,"Reasoning about winrate and selection bias."
"75% of the game nowadays is laning phase, and almost all top mains play it because they like to duel/skirmish. It's a similar situation with farming junglers, which Riot hates when they pop up, but for top lane. It promotes a play style most people who play that role don't like.",analysis,,TRUE,"BORDERLINE hot_take: playstyle argument with a stat."
"Deathfire is either going to be viable on other champs sometimes and broken on DOT characters like Brand, or it's going to be a useless rune for everyone else and balanced entirely around Brand. Kinda sucks how they designed it.",analysis,,TRUE,"BORDERLINE hot_take: structured either/or reasoning about rune balance."
"Not sure why they're buffing Aphelios, he's probably undervalued in pro and is one of those champions nerfed by surrender vote. Qiyana buffs are crazy work, the Qiyana mains are paying somebody off or have dirt on a balance designer. K'Sante nerfs are weird, he doesn't seem that good right now - a very high pickrate in pro and a 44% winrate. More like K'Fraudte.",hot_take,,TRUE,"MIXED: incredulous reactions to several patch changes; some data (K'Sante 44% WR). Reviewer may split."
"Highly doubt it, her low damage lvl 1-5 is a big issue in pro play. She can bully an enemy laner in isolation but her early skirmishing is too weak to be pick/ban in pro. She looks like a good game 4/5 pick in a BO5.",analysis,,TRUE,"Structured reasoning about pro viability."
"After DFT's interaction with ASol's Q was changed, his winrate dropped to 47% (now hovering at 48.5%).",analysis,,TRUE,"Specific winrate data tied to a change."
"Olaf, Draven, Poppy, Qiyana these champs are all 50-51% WR S tier picks, the actual fuck we buffing on them?",analysis,,TRUE,"BORDERLINE hot_take/rant: winrate data drives the complaint, emotional framing."
"Imperial Mandate is a failed rework already. Maybe it was just a Nami item before, but now it belongs to nobody. Very few champions want to pick it up. And it probably isn't that bad on Nami still as Q and R cds go down. Heck, even Renata could like it both for Q and R cooldowns, but Renata has a different set of issues where building defensively is more popular on her. There was one reasoning where the idea was that the item was meant to enable a Morgana Q R Q combo or something. But realistically Morgana is getting blown up with an item that gives no defensive stats and her kit doesn't support her to stay in ult range.",analysis,,TRUE,"BORDERLINE hot_take: detailed multi-champion item-rework reasoning, opens with a bold claim."
"How the hell are Naafiri and Sylas dodging nerfs in the jungle, these two champions make the game unplayable if they get even remotely fed, and have few if any weaknesses to exploit.",hot_take,,TRUE,"BORDERLINE rant: frustrated, but core is a debatable balance claim."
"Hey Rioter, can you explain why Sion who's been basically around 50% for a good time is getting nerfed, while Riven's been sitting on 54-56% winrate S+ for almost 2 years by now and received no nerf?",analysis,,TRUE,"BORDERLINE rant: frustrated question, but winrate-backed comparison drives it."
"20 jungle champs below 1-2% pick rate hovering 50-51% winrate and still not buffed or changed, but rather than fixing them it's again Poppy, Olaf, Zaaheen, Qiyana - any buffs to them results in possible flex pick increase and currently all 4 have no problem clearing on time.",analysis,,TRUE,"Data-backed argument about pick/winrate and buff priorities."
"LB with almost 51% emerald+ doesn't need any buff, especially if you add the Cassio nerf in the same patch.",analysis,,TRUE,"Thin. BORDERLINE hot_take: winrate-backed balance claim."
"Hard to understand how 56% win rate Senna emerald+ couldn't be hot fixed for 2 weeks but rather just ""ban her"".",analysis,,TRUE,"BORDERLINE rant: winrate-cited complaint."
"Why do champs with 50-51% winrate need a buff? Also, Aphelios and Kai'Sa both haven't received a direct buff in quite a long time.",analysis,,TRUE,"BORDERLINE hot_take: winrate-based balance question."
"Does the Kennen W change phrasing really make no sense or am I just too dumb to understand it?",rant,,TRUE,"Thin. Mild confusion/frustration about patch wording."
"It allows him to apply 3 stacks with W if he builds Runaan's, to my knowledge that's the only time it matters. Has some fun synergy with Shiv for auto->W instastuns if you go Shiv->Runaan's.",analysis,,TRUE,"Specific item/mechanic synergy explanation."
"I also hated having fun actually being able to clear fast on Shyvana to make up for her early weak game, thanks riot for making that significantly slower while also killing the on-hit build, I love the R+E AP slop build.",rant,,TRUE,"BORDERLINE hot_take: heavily sarcastic venting about build changes."
"Ok the Xin and Shyv changes really frustrate me. They'll support an AS Xin build calling it a lost playstyle, but they won't support it on Shyvana? They don't want her to rely on items like Kraken? Why? Ffs riot, make up your minds and stay consistent. Are AS builds allowed on bruisers or not?",rant,,TRUE,"BORDERLINE hot_take: explicit frustration (Ffs riot) wrapped around a consistency argument."
"Acknowledging you accidentally nerfed top Tahm and not walking back the changes, only to make him more frustrating as support, is so weird. Inb4 riot nerfs his q/passive again for being too strong in duo lanes, killing his top lane presence permanently. He was kept intentionally weak for over a year due to player frustration surveys (3 damage nerfs in a row). His early game is abysmal especially with homeguard changes, but his mid and late game feel good if you can get there with the introduction of DnD. He received a slight buff in his passive before his 1st skin in 1000 days, then is immediately hit with a double tap nerf on his passive ratios disguised as a buff. He hasn't cracked 50% in em+ in both roles in ages. Riot expressed that they want to support both roles but what they've done here is the opposite of that.",analysis,,TRUE,"Long, structured, evidence-backed balance argument with a proposed solution; some frustration."
"Am I crazy or does ""XP Increase: +12.5% from all sources => +80 flat XP on champion takedown; +11% from all other sources"" make top lane even more snowbally and one sided than it already is? If you lose lane early and get quest late you're pretty much fucked top vs all-in champs like Riven/Fiora/Trundle etc.",analysis,,TRUE,"BORDERLINE hot_take: reasoning about a specific XP change with a scenario."
"Why is she nuked? Her P, Q and R are pretty much the same. You now max W 2nd instead of E, still having the E on rank 3 all the time now instead of 1-5 before, and get the W CD down massively with the power up in the mid game for more mobility and durability. Only downside is the Q CD change for base stats and a way better W for free pretty much (slightly higher E CD).",analysis,,TRUE,"BORDERLINE hot_take: detailed skill-order/mechanic breakdown."
"Remove duo queue in grandmaster+ and my life is yours.",hot_take,,TRUE,"Short suggestion/opinion."
"Nerfing all keystones that give unique builds and playstyles because we prefer when people are just stat-sticks who play exactly the same way every game.",hot_take,,TRUE,"BORDERLINE rant: sarcastic critique of design philosophy."
"New Stattik Shiv looks like a great option for Kai'Sa. If the bounces proc on-hit, that means she procs her passive with it right?",analysis,,TRUE,"BORDERLINE hot_take: item-interaction reasoning/question."
"Doesn't the new boots with mid upgrade make them the only choice for mages? 5% extra dmg while getting around 100-300 heal per fight.",analysis,,TRUE,"Item reasoning with specifics."
"You need 8 more AD so 8 stacks to go back to old Hubris? After that you're getting more AD than before? Also toplane is a straight xp nerf unless you're getting kill participations every second? Mmh I loved opportunity, ripperoni. Comet change seems like a buff for ranged users tho.",analysis,,TRUE,"BORDERLINE hot_take: item/change math reasoning with a bit of emotion."
"What I wish will happen but probably won't: Faelights removed or nerfed. Tower crystals nerfed (crystals + plates combo causes grubs to be omega weak compared to drake). Homeguards nerfed. Bounty system reworked again - if a bounty can go from 700g to 0 in a single play without that person dying then it shouldn't be 700g to begin with. A game state can be dead even but one team will have 2k gold total worth of bounties. Baron reward buffed. Marksman on-hit item buffs (bork, terminus, wits are all weak; dnd is strong but only a small portion of its users are actual on-hit champions). Timewarp tonic + vision runes in domination tree removed and replaced by actually meaningful runes.",analysis,,TRUE,"BORDERLINE hot_take: balance wishlist, but several points carry specific reasoning."
"I think they need a full-on rework of the system, full stop, and I believe multiple devs agree. Melee mod Terminus so it fully stacks in 4 instead of 6 - the item should be built on Volibear, Yasuo, and Yone. Wit's End shouldn't be buffed, it needs to be reworked completely; it feels like an item only because of its legacy, and its passive of being the highest on-hit damage while statted as an anti-mage item is boring, plus it's an issue if the player also builds Terminus and Jak'Sho. Dusk and Dawn seems in a better spot when thought of as an AP Trinity Force; from what devs said it wasn't supposed to be an on-hit buy, it's that those who buy it have on-hit effects.",analysis,,TRUE,"Detailed multi-item rework reasoning with dev references."
"Rengar Q AD Ratio: 100% - 115% => 110% - 225%. Huh. That seems like a lot there riot.",hot_take,,TRUE,"BORDERLINE analysis: quotes a change but only reacts (seems like a lot)."
"Undocumented bugfix: Elise Venomous Bite will now properly reveal the target during the cast. In 14.19 a QoL where Venomous Bite would reveal the target was given, but this wasn't properly functional until now. There are two ways of putting vision; they used the wrong method where Elise revealed a small static vision bubble at the cast location, meaning the reveal was pointless and players could dash out of sight cancelling the Q. Now the vision is attached to the target and follows them rather than being static at the cast location.",analysis,,TRUE,"Detailed technical explanation of a bugfix mechanic."
"I really wish there were more ARAM Mayhem augment buffs instead of just nerfing what is good. A lot of augment choices have interesting designs but feel too underwhelming to justify taking them; Fetch, Gash, Mighty Shield, etc. Also, is Glass Cannon really only getting +3% damage dealt and no other changes? It's the worst augment in the mode by far. Compare it to Giant Slayer: Glass Cannon is +15% damage, -30% health, can't use BT shield; Giant Slayer is +10/15/25/30% damage based on size, smaller hitbox, +30% movement speed.",analysis,,TRUE,"BORDERLINE hot_take: data-heavy augment comparison, opens with a wish."
"Unless you're a split pushing champ (Tryn) don't go TP top. Use ignite and snowball your lane. You aren't a pro nor in an elo where TP helps you secure drags or barons. Don't ever feel the need to help a teammate out of fear of being flamed - many times you go to help when you shouldn't because he's dead no matter what, and you end up giving the other team a double kill. Master 1-2 champs and don't fall into the meta hype. When you get a lead in your lane use it to make other lanes get a lead. Don't play a champ because a website says it's the counter - play what you're comfortable with.",analysis,,TRUE,"BORDERLINE hot_take: structured climbing/coaching advice with reasoning."
"You say people in plat+ will never understand why people can't crawl out of bronze/silver. I'm sorry but that's such bullshit lol. I'm plat V and I've played 15 games on my friend's account, who was bronze 1 at the time, to get him to silver. It's so goddamn easy to carry at that elo, I can't even comprehend why people complain about elo hell. Once you actually get a single bit of skill you'll change your mind and carrying will become so easy. The amount of mistakes bronze 1/silver V players make is ridiculous.",hot_take,,TRUE,"BORDERLINE rant: dismissive elo-hell argument backed by an anecdote."
"Get gud! If I can maintain 100% winrate at your mmr no matter how bad my teammates are, you also can. If you lose so much, then you didn't carry hard enough.",hot_take,,TRUE,"BORDERLINE rant: dismissive git-gud take."
"Top laners should be able to hard carry 1v9 if they win their 1v1, but they should never get counterpicked nor ganked by the enemy.",hot_take,,TRUE,"Likely sarcastic mocking of top-laner entitlement."
"After being hardstuck gold for the last 4 or 5 seasons, I have finally reached emerald. I'm aware I'm struggling to win now because my rank is accurate. I'm a top main transitioning to jungle (Yi, Kha'Zix, picking up Zac) because I wanted more direct impact. I think I'm reasonably good at CSing and warding and don't get terrible KDAs, but my ability to pick out fights and openings is terrible and I struggle to impact fights, usually dying before I can do anything. This leads to me dealing little damage even with good KDAs - sometimes as a jungler/toplaner I deal less damage than supports. I'm just looking to improve.",analysis,,TRUE,"Personal improvement reflection with self-analysis; reviewer may want to drop as off-topic."
"It's sad to me that people who troll and babyrage/int in games are usually grown ass adults.",rant,,TRUE,"BORDERLINE hot_take: lament about toxic adults."
"And that's when you should remember that no one truly ever grows up, and all adults are just kids pretending.",hot_take,,TRUE,"Thin philosophical opinion."
"What's there to expose, there are grown ass adults who act like manchildren and they don't even play games at all! It's just a feature of society and consequently internet culture at this point. The issue definitely isn't helped by streamer culture though, yeesh.",rant,,TRUE,"BORDERLINE hot_take: frustrated commentary on community toxicity."
"Had a trolling Kai'Sa in my last game who ran it down after 2 deaths, blaming the jungler. Idk what it is that turns seemingly normal people into completely unreasonable, incorrigible babies. Legit the fucking Shaclones and DarkwinJax's of the community seem to just flip a switch in their heads in game and become the most toxic douchebags ever.",rant,,TRUE,
"It's sad to me people actually care for soloq. Imagine trying to carry people below your skill to reach an icon showing you carried people below that skill. Flex is by far the superior mode, sadly it's more of a troll queue. Imagine pro teams playing flex to train - the flex environment would be amazing high elo where you and your friends actually play competitive ranked. But egoistic people made flex a fun/troll queue and now cry about soloq being toxic. Wow.",hot_take,,TRUE,"BORDERLINE rant: opinion that flex > soloq wrapped in frustration."
"If I lose to enemy laner, even 0-3, I won't get mad. I get mad when the enemy team is just miles better than mine, always on time, always making good decisions. I feel powerless in that situation and it's an undeserved loss - that's where most of the negativity of league comes from.",rant,,TRUE,"Feeling-driven reflection on what makes losses tilt him."
"The most frustrating thing in lane for me is having to play against characters that force you to play around a gimmick. Maybe I'm just bad (I definitely am) but I can't stand having to play into champs like Illaoi where I'm constantly having to dodge to clear out tentacles. It's not even a matter of if I lose lane or not, it's frustrating either way.",rant,,TRUE,
"Dodging because a troll or noob team picks a clearly losing draft shouldn't be punished.",hot_take,,TRUE,
"Game punishes players that know more about the game and allows trolls and noobs to play and ruin games.",hot_take,,TRUE,"BORDERLINE rant: grievance phrased as a debatable claim."
"Yeah I get the idea but how can the game ever determine what a troll pick is. Sure Soraka JG could be considered, but there's also a lot of off picks like Swain adc or Shen support that aren't classed in that role but work.",analysis,,TRUE,"Reasoned counterpoint about defining troll picks, with examples."
"My barometer for this is always Vayne top. If it's blind pickable, it's too strong. I completely get the mid lane second wind Doran's shield point - I hate the Akali matchup as Viktor, and guess what makes her able to sustain through it?",analysis,,TRUE,"BORDERLINE hot_take: balance heuristic + matchup reasoning with a bit of emotion."
"Most people ""ranting"" about ranged top are usually of the position that ranged tops should never be viable period, they offer absolutely absurdly bad solutions and people push back very rightfully.",hot_take,,TRUE,"BORDERLINE analysis: meta-commentary opinion about the discourse."
"I literally do not understand the arguments against ranged top laners lmao, it's like saying there shouldn't be zoners in a fighting game or ANY fighting game. It's a stupid opinion and would make the game feel more stale.",hot_take,,TRUE,"Dismissive opinion with an analogy."
"I am a top laner and tried to play both sides of the ranged top matchup. The problem isn't just how strong they are, it's how unfun and uninteractive it is for everyone, often including the ranged top players themselves. For the countered melee champ, the solution is usually 'sit back till lv 4/lv 6/a gank before you all-in', and the popular ranged tops build tanky, bring exhaust, have cc or escape specifically to stop you from doing anything, making the lane boring. If you mess up a trade or die, you get your wave frozen and can't do anything. For the ranged top players, these champs are hard to pilot; one mistake and they're a glorified ranged minion playing 4v5 while the enemy melee top becomes a raid boss. Even if the ranged top plays perfectly, is it fun to just cs and play keep-away for 15 min? The game plan is specifically to not interact with the other laner.",analysis,,TRUE,"Long, structured both-sides argument about why ranged top is unhealthy."
"Been saying dorans shield and second wind had to be nerfed because of melee mids being unmoveable from lane, but people keep saying they need buffs - they can't unless you want mages suffering midlane, all it does is move the problem. My honest answer: give the toplane quest a buff where melees get hp regen when taking damage from ranged attacks, so you don't need to buff dorans/second wind and instead tweak the quest. Quests are the perfect thing to balance each lane in a way that doesn't affect other lanes - I'd do something similar with the botlane quest to help adcs against mages just for laning.",analysis,,TRUE,"Structured balance reasoning with a lane-specific proposal."
"Hate to say it, but lowkey top laners brought the state of top laners upon themselves. They cried about jungle presence top lane to the point where Riot made it 100x harder to gank than bot lane - a single ward at 2:30 saves you from 9/10 early ganks. So now top has this 1v1 island while having less impact than a lane that's consistently 2v3/3v3 in high elo. It's not entirely the consequence of their complaints though; TP is pro-jailed way too hard imo and Doran's Shield/Second Wind could use a buff. Ranged tops benefit the most from all the changes since their major weaknesses (no TP for later, getting caught overextending) were addressed, and they accelerate their role quest faster.",analysis,,TRUE,"BORDERLINE hot_take: detailed historical/balance argument, opens with a bold claim."
"Ranged tops show up as a symptom of something in the overall system being unbalanced. The actual reason is the durability patch changing breakpoints so ranged top laners need to make 2 mistakes before they die instead of 1 like it's supposed to be. This issue was bandaided by giving melees wind/dshield instead of actually admitting the durability patch was a mistake.",analysis,,TRUE,"Causal reasoning about the durability patch and breakpoints."
"For real, it's the perfect storm this season of our tools against it being crippled and the rewards for snowballing being the most they've ever been. Not sure how people see regular 5k gold leads in a single lane in pro games and act like this isn't the most volatile the lanes have ever been. Until you get to Diamond they can't play ranged well enough to cause the carnage it is in high elo, so most people won't see an issue.",analysis,,TRUE,"Reasoning about snowballing/volatility with specifics."
"Autofill jgs should not be a thing. Games feel miserable once the jungle main starts abusing the autofilled jungler all game and taking every objective for free.",rant,,FALSE,"Autofill complaint."
"I would rather wait 5 minutes in queue than have someone autofilled and griefing the game because they got a role they hate.",rant,,FALSE,"Queue time vs autofill frustration."
"I queue mid every game and somehow end up jungle constantly. Then I'm expected to play against someone with thousands of games on the role.",rant,,FALSE,"Autofill frustration."
"Top lane at its worst is genuinely the worst video game experience I've ever had. One mistake and your lane is over for the next twenty minutes.",rant,,FALSE,"Top lane frustration."
"I want to love jungle, but having three lanes die before Scuttle even spawns makes me want to stop queueing the role.",rant,,FALSE,"Jungle player frustration."
"As an ADC, it feels like a coin flip whether your support is actually a support main or someone autofilled and completely lost.",rant,,FALSE,"Bot lane frustration."
"Supports who roam and never come back make lane completely unplayable. At some point I'm just playing a 1v2 survival simulator.",rant,,FALSE,"Roaming support complaint."
"I'm tired of losing LP because someone types 'autofilled top' in champion select and mentally gives up before the game even starts.",rant,,FALSE,"Ranked frustration."
"Every ranked game feels like a slot machine now. Whoever gets the worse autofilled player usually loses.",rant,,FALSE,"Matchmaking complaint."
"The amount of responsibility jungle has is ridiculous. Every lost lane somehow becomes the jungler's fault.",rant,,FALSE,"Jungle blame frustration."
"Mid gets solo killed? Jungle diff. Top dies to a gank with no wards? Jungle diff. Bot loses a 2v2? Jungle diff. I'm so tired of it.",rant,,FALSE,"Jungle blame rant."
"I'm sick of getting autofilled into jungle just because nobody wants to play the role.",rant,,FALSE,"Role popularity complaint."
"The fact that people dodge lobbies the second they get autofilled says everything about how bad the system feels.",rant,,FALSE,"Autofill dissatisfaction."
"I hate spending ten minutes in queue only to get a game decided by an autofilled support versus a support main.",rant,,FALSE,"Support role complaint."
"Playing ADC feels awful when your support disappears for three minutes and the enemy bot lane gets to dive you repeatedly.",rant,,FALSE,"Bot lane frustration."
"I don't care what Riot says, autofill makes ranked feel less competitive every season.",rant,,FALSE,"Ranked integrity complaint."
"I'm tired of being told queue times would be longer. I'd rather wait than play another game with three autofilled players.",rant,,FALSE,"Queue time complaint."
"Nothing tilts me more than seeing someone first-time a champion because they got shoved into a role they never play.",rant,,FALSE,"Autofill consequence complaint."
"League matchmaking feels awful when the outcome is determined by who got the less experienced off-role player.",rant,,FALSE,"Matchmaking frustration."
"I'm so tired of Riot treating autofill like a necessary evil instead of fixing the reasons nobody wants to play certain roles.",rant,,FALSE,"Role popularity complaint."
"I'm sick of getting matched against duos while trying to climb solo. The coordination gap is obvious.",rant,,TRUE,"Complaint about matchmaking."
"The amount of burst damage in ARAM makes the mode feel less fun every year.",rant,,TRUE,"Complaint about ARAM balance."
"I hate when people lock in off-meta picks and then act surprised when the game goes badly.",rant,,TRUE,"Complaint about teammates."
"I'm tired of spending more time in queue, champion select, and loading screen than actually playing a match.",rant,,TRUE,"General frustration."
"The ranked experience would improve overnight if Riot found a better way to deal with griefers.",rant,,TRUE,"Complaint about disruptive players."